{
    "parameters": {
        "learning_rate": 0.0005,
        "batch_size": 32,
        "epochs": 10,
        "structure": "[32, 16, 8]",
        "loss": "sparse_categorical_crossentropy",
        "metrics": "accuracy",
        "activation": "sigmoid"
    },
    "results": {
        "loss": 0.3680664598941803,
        "accuracy": 0.8928333520889282,
        "val_loss": 0.3356002867221832,
        "val_accuracy": 0.9006666541099548,
        "train_time": 48.631799936294556
    }
}