{
    "parameters": {
        "learning_rate": 0.0005,
        "batch_size": 32,
        "epochs": 50,
        "structure": "[32, 16, 8]",
        "loss": "sparse_categorical_crossentropy",
        "metrics": "accuracy",
        "activation": "sigmoid"
    },
    "results": {
        "loss": 0.22544677555561066,
        "accuracy": 0.932895839214325,
        "val_loss": 0.21272505819797516,
        "val_accuracy": 0.9369166493415833,
        "train_time": 248.41876649856567
    }
}