{
    "parameters": {
        "learning_rate": 0.0001,
        "batch_size": 32,
        "epochs": 25,
        "structure": "[64, 32, 16]",
        "loss": "sparse_categorical_crossentropy",
        "metrics": "accuracy",
        "activation": "relu"
    },
    "results": {
        "loss": 0.020828887820243835,
        "accuracy": 0.996874988079071,
        "val_loss": 0.14137262105941772,
        "val_accuracy": 0.9631666541099548,
        "train_time": 138.46646571159363
    }
}