{
    "parameters": {
        "learning_rate": 0.0001,
        "batch_size": 32,
        "epochs": 10,
        "structure": "[32, 16]",
        "loss": "sparse_categorical_crossentropy",
        "metrics": "accuracy",
        "activation": "relu"
    },
    "results": {
        "loss": 0.1813366711139679,
        "accuracy": 0.9484583139419556,
        "val_loss": 0.17141346633434296,
        "val_accuracy": 0.9523333311080933,
        "train_time": 40.575581550598145
    }
}