State,Accuracy,Train Time,Classify Time
669564250,0.85575,1269.0058221817017,0.22632122039794922
