{
    "parameters": {
        "learning_rate": 0.001,
        "batch_size": 32,
        "epochs": 25,
        "structure": "[32, 16, 8]",
        "loss": "sparse_categorical_crossentropy",
        "metrics": "accuracy",
        "activation": "relu"
    },
    "results": {
        "loss": 0.03333612158894539,
        "accuracy": 0.9896875023841858,
        "val_loss": 0.1820935606956482,
        "val_accuracy": 0.9593333601951599,
        "train_time": 146.95902371406555
    }
}