{
    "parameters": {
        "learning_rate": 0.0001,
        "batch_size": 32,
        "epochs": 10,
        "structure": "[64, 32]",
        "loss": "sparse_categorical_crossentropy",
        "metrics": "accuracy",
        "activation": "sigmoid"
    },
    "results": {
        "loss": 0.2530296742916107,
        "accuracy": 0.9256041646003723,
        "val_loss": 0.2533521354198456,
        "val_accuracy": 0.924916684627533,
        "train_time": 45.39906716346741
    }
}