{
    "parameters": {
        "learning_rate": 0.0005,
        "batch_size": 32,
        "epochs": 25,
        "structure": "[32, 16]",
        "loss": "sparse_categorical_crossentropy",
        "metrics": "accuracy",
        "activation": "relu"
    },
    "results": {
        "loss": 0.032564677298069,
        "accuracy": 0.9897916913032532,
        "val_loss": 0.17312531173229218,
        "val_accuracy": 0.9610000252723694,
        "train_time": 101.11940264701843
    }
}