{
    "parameters": {
        "learning_rate": 0.001,
        "batch_size": 32,
        "epochs": 50,
        "structure": "[64, 32, 16]",
        "loss": "sparse_categorical_crossentropy",
        "metrics": "accuracy",
        "activation": "sigmoid"
    },
    "results": {
        "loss": 0.23202776908874512,
        "accuracy": 0.9293749928474426,
        "val_loss": 0.22873219847679138,
        "val_accuracy": 0.9306666851043701,
        "train_time": 258.9931619167328
    }
}