{
    "parameters": {
        "learning_rate": 0.001,
        "batch_size": 32,
        "epochs": 50,
        "structure": "[32, 16]",
        "loss": "sparse_categorical_crossentropy",
        "metrics": "accuracy",
        "activation": "relu"
    },
    "results": {
        "loss": 0.01415729895234108,
        "accuracy": 0.995229184627533,
        "val_loss": 0.2533986270427704,
        "val_accuracy": 0.9589166641235352,
        "train_time": 238.18248748779297
    }
}