{
    "parameters": {
        "learning_rate": 0.0005,
        "batch_size": 32,
        "epochs": 10,
        "structure": "[64, 32]",
        "loss": "sparse_categorical_crossentropy",
        "metrics": "accuracy",
        "activation": "relu"
    },
    "results": {
        "loss": 0.03181171044707298,
        "accuracy": 0.9908958077430725,
        "val_loss": 0.11044993996620178,
        "val_accuracy": 0.968916654586792,
        "train_time": 43.6584746837616
    }
}