{
    "parameters": {
        "learning_rate": 0.0001,
        "batch_size": 32,
        "epochs": 50,
        "structure": "[32, 16]",
        "loss": "sparse_categorical_crossentropy",
        "metrics": "accuracy",
        "activation": "sigmoid"
    },
    "results": {
        "loss": 0.17626668512821198,
        "accuracy": 0.9470000267028809,
        "val_loss": 0.2139265090227127,
        "val_accuracy": 0.9393333196640015,
        "train_time": 206.4412534236908
    }
}