{
    "parameters": {
        "learning_rate": 0.0001,
        "batch_size": 32,
        "epochs": 25,
        "structure": "[64, 32]",
        "loss": "sparse_categorical_crossentropy",
        "metrics": "accuracy",
        "activation": "relu"
    },
    "results": {
        "loss": 0.016039183363318443,
        "accuracy": 0.9980416893959045,
        "val_loss": 0.1257609724998474,
        "val_accuracy": 0.9679166674613953,
        "train_time": 114.07781624794006
    }
}