{
    "parameters": {
        "learning_rate": 0.0001,
        "batch_size": 32,
        "epochs": 50,
        "structure": "[64, 32]",
        "loss": "sparse_categorical_crossentropy",
        "metrics": "accuracy",
        "activation": "relu"
    },
    "results": {
        "loss": 0.0009274502517655492,
        "accuracy": 1.0,
        "val_loss": 0.2293517291545868,
        "val_accuracy": 0.9668333530426025,
        "train_time": 223.03772163391113
    }
}