{
    "parameters": {
        "learning_rate": 0.0005,
        "batch_size": 32,
        "epochs": 25,
        "structure": "[64, 32]",
        "loss": "sparse_categorical_crossentropy",
        "metrics": "accuracy",
        "activation": "sigmoid"
    },
    "results": {
        "loss": 0.2102624922990799,
        "accuracy": 0.9367708563804626,
        "val_loss": 0.2007739394903183,
        "val_accuracy": 0.940583348274231,
        "train_time": 114.40850925445557
    }
}