{
    "parameters": {
        "learning_rate": 0.0005,
        "batch_size": 32,
        "epochs": 10,
        "structure": "[64, 32, 16]",
        "loss": "sparse_categorical_crossentropy",
        "metrics": "accuracy",
        "activation": "sigmoid"
    },
    "results": {
        "loss": 0.29404163360595703,
        "accuracy": 0.9107499718666077,
        "val_loss": 0.24773924052715302,
        "val_accuracy": 0.9239166378974915,
        "train_time": 56.1043906211853
    }
}