{
    "parameters": {
        "learning_rate": 0.0001,
        "batch_size": 32,
        "epochs": 25,
        "structure": "[64, 32, 16]",
        "loss": "sparse_categorical_crossentropy",
        "metrics": "accuracy",
        "activation": "sigmoid"
    },
    "results": {
        "loss": 0.16001053154468536,
        "accuracy": 0.9525833129882812,
        "val_loss": 0.17667968571186066,
        "val_accuracy": 0.9469166398048401,
        "train_time": 137.5484480857849
    }
}