{
    "parameters": {
        "learning_rate": 0.0001,
        "batch_size": 32,
        "epochs": 50,
        "structure": "[64, 32]",
        "loss": "sparse_categorical_crossentropy",
        "metrics": "accuracy",
        "activation": "sigmoid"
    },
    "results": {
        "loss": 0.09956755489110947,
        "accuracy": 0.9693333506584167,
        "val_loss": 0.15597429871559143,
        "val_accuracy": 0.9551666378974915,
        "train_time": 224.5247609615326
    }
}