{
    "parameters": {
        "learning_rate": 0.0005,
        "batch_size": 32,
        "epochs": 25,
        "structure": "[32, 16, 8]",
        "loss": "sparse_categorical_crossentropy",
        "metrics": "accuracy",
        "activation": "relu"
    },
    "results": {
        "loss": 0.043519988656044006,
        "accuracy": 0.9869583249092102,
        "val_loss": 0.1863865703344345,
        "val_accuracy": 0.9572499990463257,
        "train_time": 122.3873655796051
    }
}