{
    "parameters": {
        "learning_rate": 0.0001,
        "batch_size": 32,
        "epochs": 25,
        "structure": "[32, 16]",
        "loss": "sparse_categorical_crossentropy",
        "metrics": "accuracy",
        "activation": "relu"
    },
    "results": {
        "loss": 0.08976420015096664,
        "accuracy": 0.9750833511352539,
        "val_loss": 0.15479670464992523,
        "val_accuracy": 0.9564999938011169,
        "train_time": 102.74617505073547
    }
}