{
    "parameters": {
        "learning_rate": 0.001,
        "batch_size": 32,
        "epochs": 10,
        "structure": "[64, 32]",
        "loss": "sparse_categorical_crossentropy",
        "metrics": "accuracy",
        "activation": "relu"
    },
    "results": {
        "loss": 0.03311455622315407,
        "accuracy": 0.9897916913032532,
        "val_loss": 0.1097506582736969,
        "val_accuracy": 0.9703333377838135,
        "train_time": 42.14834260940552
    }
}