{
    "parameters": {
        "learning_rate": 0.0005,
        "batch_size": 32,
        "epochs": 50,
        "structure": "[64, 32]",
        "loss": "sparse_categorical_crossentropy",
        "metrics": "accuracy",
        "activation": "sigmoid"
    },
    "results": {
        "loss": 0.16274836659431458,
        "accuracy": 0.9515625238418579,
        "val_loss": 0.1597350686788559,
        "val_accuracy": 0.9514999985694885,
        "train_time": 224.82623267173767
    }
}