{
    "parameters": {
        "learning_rate": 0.0001,
        "batch_size": 32,
        "epochs": 50,
        "structure": "[64, 32]",
        "loss": "sparse_categorical_crossentropy",
        "metrics": "accuracy"
    },
    "results": {
        "loss": 9.114789281738922e-05,
        "accuracy": 1.0,
        "val_loss": 0.23809710144996643,
        "val_accuracy": 0.9667500257492065,
        "train_time": 197.29985880851746
    }
}