{
    "parameters": {
        "learning_rate": 0.001,
        "batch_size": 32,
        "epochs": 10,
        "structure": "[32, 16]",
        "loss": "sparse_categorical_crossentropy",
        "metrics": "accuracy",
        "activation": "relu"
    },
    "results": {
        "loss": 0.08033342659473419,
        "accuracy": 0.9750833511352539,
        "val_loss": 0.1292092502117157,
        "val_accuracy": 0.9644166827201843,
        "train_time": 47.83887004852295
    }
}