{
    "parameters": {
        "learning_rate": 0.0001,
        "batch_size": 32,
        "epochs": 25,
        "structure": "[32, 16, 8]",
        "loss": "sparse_categorical_crossentropy",
        "metrics": "accuracy",
        "activation": "relu"
    },
    "results": {
        "loss": 0.11358151584863663,
        "accuracy": 0.9691874980926514,
        "val_loss": 0.17622043192386627,
        "val_accuracy": 0.9506666660308838,
        "train_time": 122.03567481040955
    }
}