{
    "parameters": {
        "learning_rate": 0.0005,
        "batch_size": 32,
        "epochs": 50,
        "structure": "[64, 32]",
        "loss": "sparse_categorical_crossentropy",
        "metrics": "accuracy",
        "activation": "relu"
    },
    "results": {
        "loss": 0.004766729194670916,
        "accuracy": 0.9983958601951599,
        "val_loss": 0.1756824105978012,
        "val_accuracy": 0.9706666469573975,
        "train_time": 221.09470796585083
    }
}